bit_str,ip_addr
01111001.01000010.10111101.11110010,121.66.189.242
00100001.00000110.11110000.10000100,33.6.240.132
01110111.01100010.11110000.11110011,119.98.240.243
11001011.01001101.01110110.01001101,203.77.118.77
11000111.00000111.00100000.01010001,199.7.32.81
00010101.10011010.00001111.10001001,21.154.15.137
11110010.11000110.11011010.11001010,242.198.218.202
11100011.01000100.10111011.00110001,227.68.187.49
00010010.01000101.11111101.01101111,18.69.253.111
10000100.11011111.10011010.11010111,132.223.154.215
11000101.10110011.11010000.01110110,197.179.208.118
10101100.00001110.10001111.01010011,172.14.143.83
10100111.00110101.01101100.10001000,167.53.108.136
10010001.00111111.00100000.11110110,145.63.32.246
11110111.00101101.10110000.00100010,247.45.176.34
11010010.01001101.00001010.10010110,210.77.10.150
11011010.11010100.00111100.00010110,218.212.60.22
00010111.11000001.10101001.10001110,23.193.169.142
01111000.00010010.10011110.00000011,120.18.158.3
00100111.00110111.00010000.01100101,39.55.16.101
11010000.10010101.10000110.01001111,208.149.134.79
00010101.10101101.10100000.10111000,21.173.160.184
01000110.11000001.11000000.11101011,70.193.192.235
11000101.00110100.10001010.11011100,197.52.138.220
01111001.10011010.11011111.10000100,121.154.223.132
10011011.10101101.00000101.11010100,155.173.5.212
10100001.00001010.11000000.01000100,161.10.192.68
00011110.10101010.11101110.10110100,30.170.238.180
10110100.10001110.11111010.00001011,180.142.250.11
00011111.00001010.10111101.10000000,31.10.189.128
11101001.10011000.10100011.01011010,233.152.163.90
10111010.01011110.10100000.10111101,186.94.160.189
10000111.10011001.11000001.00110101,135.153.193.53
00001101.01000011.10011110.01110001,13.67.158.113
10001001.01111010.10100111.01011111,137.122.167.95
11011110.00110001.00110100.10100100,222.49.52.164
10101010.01110010.11100000.01010110,170.114.224.86
00101000.10101100.01101111.11100110,40.172.111.230
10001010.01110011.00111101.00010001,138.115.61.17
01100001.10100001.01011101.10001110,97.161.93.142
10101110.00101011.10110000.01000010,174.43.176.66
11010111.10010101.10001010.11101101,215.149.138.237
10110001.11010101.10010100.11010110,177.213.148.214
11010001.00010010.11010011.01001111,209.18.211.79
01100110.00000010.11110100.11011110,102.2.244.222
01110001.00010000.11101001.10010011,113.16.233.147
10101110.01110100.00100010.10010010,174.116.34.146
00111101.01111101.00010111.00010001,61.125.23.17
01100101.11011100.00011001.00000110,101.220.25.6
11110110.00111101.01010111.10011001,246.61.87.153
01111010.00001010.11010011.00011011,122.10.211.27
00111010.10101110.01000000.10000001,58.174.64.129
11110100.00011111.10110100.01110001,244.31.180.113
01100101.00111110.00111101.01010111,101.62.61.87
01111010.10001100.01000001.00000011,122.140.65.3
11111001.11001100.00011001.10001010,249.204.25.138
01111111.10001001.11011000.00011010,127.137.216.26
11110010.10100101.00000000.00011100,242.165.0.28
01000000.00010111.00111111.00011001,64.23.63.25
00100011.11110111.00010000.00101100,35.247.16.44
11111010.10100001.01010000.10100001,250.161.80.161
00100100.10110011.11000101.11000111,36.179.197.199
10011011.10111000.10000111.01100001,155.184.135.97
10101000.11011011.00111111.01000001,168.219.63.65
00000001.11000010.00101000.01011011,1.194.40.91
00010101.10111111.11101011.11000010,21.191.235.194
00010110.11011100.00011011.10111110,22.220.27.190
11111110.10100001.11010111.11010110,254.161.215.214
11101011.00001001.01111101.01101111,235.9.125.111
10001010.00100100.11011001.01110010,138.36.217.114
11011010.01000010.00001110.10100110,218.66.14.166
10111111.10000110.00111110.11101101,191.134.62.237
00111111.11000000.00110111.10100011,63.192.55.163
00110100.00000010.11110010.01001001,52.2.242.73
01111000.11000111.00010110.00101111,120.199.22.47
00110010.11000000.01011011.00001100,50.192.91.12
10101110.00111110.00001101.00111010,174.62.13.58
11110110.10010001.10011001.00101101,246.145.153.45
00010010.01111010.00110110.00110011,18.122.54.51
00011111.10100110.01011100.00100111,31.166.92.39
01111011.01011100.01111111.11101000,123.92.127.232
11001001.10000001.10111100.11001011,201.129.188.203
10110011.11010110.00101010.11000000,179.214.42.192
01111000.11010011.01010010.11010100,120.211.82.212
11110111.01001111.11001101.01001100,247.79.205.76
01010011.00110001.11111110.11110111,83.49.254.247
11100010.01011111.01000101.10001000,226.95.69.136
01100101.01001011.10100001.01110110,101.75.161.118
10010111.11010011.10001000.01101111,151.211.136.111
10011101.00001011.10001001.11110101,157.11.137.245
11000011.01100110.01011000.10111000,195.102.88.184
01111010.10100100.11110111.01001001,122.164.247.73
11010110.11110101.01101001.11101111,214.245.105.239
00001110.11110110.00100101.11001100,14.246.37.204
00010111.11101111.01110101.01111000,23.239.117.120
00100011.01101111.10000010.01111011,35.111.130.123
01100001.10000100.01000110.01011111,97.132.70.95
00010010.10000010.01010110.00010111,18.130.86.23
10100000.01011101.11011000.00101110,160.93.216.46
00101011.00111100.00101111.10000111,43.60.47.135
10010101.00010010.10110110.11100111,149.18.182.231
10101100.00000011.00001111.10101011,172.3.15.171
10101001.11011111.11000010.11111000,169.223.194.248
00100111.01101011.11111010.11001000,39.107.250.200
01000000.10100011.00111101.10001100,64.163.61.140
00100111.11011101.00111001.11100000,39.221.57.224
10000000.00110001.10111111.10111100,128.49.191.188
11100110.10010111.10000111.00110110,230.151.135.54
10101101.00111010.11111100.10110100,173.58.252.180
00011110.10010110.01011101.01001100,30.150.93.76
01011011.10111101.11101000.00111111,91.189.232.63
00110111.01001000.10101001.11010111,55.72.169.215
10011001.01011111.11101010.11110110,153.95.234.246
10011111.01011010.00100011.00110110,159.90.35.54
01011100.11001000.10110111.00110011,92.200.183.51
10001000.10001010.11000100.00011011,136.138.196.27
01000101.00010101.11110101.10001010,69.21.245.138
01111110.10110101.10101010.11001110,126.181.170.206
11100101.00100011.10110100.11111110,229.35.180.254
00111001.01001101.10001010.00110011,57.77.138.51
00111001.00111001.01011110.01100000,57.57.94.96
11010101.11001000.01000001.01001010,213.200.65.74
11001011.01100011.01010111.01011011,203.99.87.91
01100111.10000000.10111101.10010110,103.128.189.150
00001111.11100011.11010000.11000100,15.227.208.196
10100001.10011110.11111110.10011001,161.158.254.153
11110111.00001111.01100001.00000001,247.15.97.1
00110111.01110111.11111011.01011000,55.119.251.88
11101011.01100101.01100011.01101100,235.101.99.108
00010010.11100011.00111001.10010001,18.227.57.145
01001110.01000101.11101111.00101101,78.69.239.45
00011001.00001101.10111000.01110111,25.13.184.119
00100111.11111111.00001001.10101101,39.255.9.173
10100101.10101000.10110000.01000100,165.168.176.68
00101001.00010001.00101000.10101111,41.17.40.175
01101001.00100000.01100110.11011111,105.32.102.223
01110001.11111000.10100001.00110111,113.248.161.55
00010101.11010001.00100111.01100110,21.209.39.102
01010010.11001000.11111110.11110010,82.200.254.242
00100010.11011000.01101010.11111010,34.216.106.250
10011011.00001011.11101101.11101010,155.11.237.234
11001101.11100000.01011100.11101001,205.224.92.233
00010011.10000011.10111011.10111101,19.131.187.189
11100101.10111001.11001101.01110010,229.185.205.114
00000001.01101011.10000100.10111101,1.107.132.189
01001001.11101011.01100011.01010001,73.235.99.81
01101011.00001011.01010111.11001110,107.11.87.206
01010110.00001110.01000111.00111000,86.14.71.56
01010110.11100010.11111011.01011110,86.226.251.94
00011110.00001011.11001110.11100101,30.11.206.229
10100010.11010000.00010000.00011010,162.208.16.26
01111010.11001110.00010100.11001011,122.206.20.203
11111100.00001101.01110000.01111011,252.13.112.123
00110000.11000111.11110010.01100001,48.199.242.97
01010100.10101010.00111011.10110001,84.170.59.177
00111111.00011010.10010100.10001100,63.26.148.140
11101110.10011001.11111010.01111111,238.153.250.127
10001000.00001111.10101100.10110000,136.15.172.176
10100010.00101111.00011101.11011110,162.47.29.222
00101101.00000001.00110101.00001111,45.1.53.15
00101110.00001001.01010111.00010010,46.9.87.18
11110110.00011011.01100000.10101001,246.27.96.169
01100110.11110100.10101110.11110101,102.244.174.245
10110011.00010001.11000011.10011100,179.17.195.156
11001001.00101100.10010110.01011110,201.44.150.94
11010011.00111010.11000111.10101011,211.58.199.171
11001110.01011001.11000101.10110111,206.89.197.183
01011110.10111001.11010100.11100000,94.185.212.224
01110101.11100011.11110110.10110000,117.227.246.176
10001001.01010110.11000110.11111001,137.86.198.249
00010101.01001110.01010111.00001011,21.78.87.11
11101111.00101111.00110001.10100011,239.47.49.163
01111001.00011100.00011000.11100110,121.28.24.230
11101110.10101010.10111101.00000000,238.170.189.0
00100100.01100011.11001100.00110101,36.99.204.53
10101101.10011111.00111000.11100110,173.159.56.230
00101001.01101011.01111011.00011000,41.107.123.24
01001110.01001001.00000101.00111001,78.73.5.57
01110101.10010011.01101010.01110000,117.147.106.112
11010110.10100011.01100000.11101111,214.163.96.239
01011010.00101000.00010101.00111001,90.40.21.57
00001100.00110011.01100110.10000010,12.51.102.130
00101011.00110111.11101110.11001100,43.55.238.204
01110010.00110111.11111000.10110001,114.55.248.177
11001110.11100100.00111000.10010101,206.228.56.149
11100011.11000010.01101001.00111011,227.194.105.59
00000011.11101101.10011001.00100111,3.237.153.39
10101110.10110001.01100010.11111000,174.177.98.248
00100100.10111010.11011000.00100010,36.186.216.34
01101101.01111111.10110011.00011111,109.127.179.31
10101011.01111000.11011100.11100000,171.120.220.224
00101011.10000000.01101111.10100101,43.128.111.165
01010100.01101001.01101111.11101101,84.105.111.237
11010110.10111100.01100001.11010001,214.188.97.209
11110111.11010000.11110000.00010001,247.208.240.17
10010101.00001001.01011110.00110001,149.9.94.49
00001110.01001101.10010110.00011111,14.77.150.31
11110001.00010100.01100011.01101010,241.20.99.106
10001101.11111011.11011101.00010011,141.251.221.19
10110000.11101111.01100100.10010011,176.239.100.147
01001001.00110100.11100011.10011001,73.52.227.153
11010010.11100011.00100111.01101001,210.227.39.105
01001110.11111001.10010001.11000000,78.249.145.192
10111110.01010010.11011100.10011111,190.82.220.159
11101101.11110010.01110001.10111000,237.242.113.184
10010011.10010010.00001111.11101101,147.146.15.237
10111111.10110111.10011000.01111100,191.183.152.124
00000101.00000111.01000011.01001100,5.7.67.76
00001010.01010100.00011001.00000000,10.84.25.0
01101000.11101110.10110101.10111001,104.238.181.185
00010001.11111010.01011110.01111010,17.250.94.122
00000110.10001101.11011101.10101101,6.141.221.173
00011010.00110000.11100110.10011111,26.48.230.159
10000110.01111110.11111111.11010110,134.126.255.214
10000101.10101101.00010110.00001111,133.173.22.15
11011011.00010011.01010100.01111110,219.19.84.126
01000101.11010011.10101100.01000100,69.211.172.68
10001111.00001000.01010110.00010111,143.8.86.23
00001000.11111000.00011110.11101011,8.248.30.235
11101111.11010100.10111101.01010111,239.212.189.87
10010110.01011101.00100101.01000111,150.93.37.71
00110100.11010000.10110100.11100011,52.208.180.227
11101000.10001110.10000010.11100111,232.142.130.231
10010000.01001111.10100001.01000111,144.79.161.71
00010011.11010010.11111000.01110110,19.210.248.118
11101010.10001011.00001111.10100010,234.139.15.162
00111011.11111001.01000000.10001111,59.249.64.143
10001001.00110100.11011110.00100110,137.52.222.38
10111110.00010001.11111001.11100101,190.17.249.229
01100011.10011111.10110001.01011100,99.159.177.92
11000100.11001011.10100001.00011001,196.203.161.25
10001010.01101101.00010011.10100010,138.109.19.162
10100010.11001000.10010000.00010010,162.200.144.18
01000011.11010101.10000000.11010011,67.213.128.211
00101000.11111101.01110101.01100110,40.253.117.102
00101000.00111010.00111111.00000010,40.58.63.2
10010000.00100011.11011100.10001001,144.35.220.137
11110111.11101100.10001001.10010100,247.236.137.148
00011000.01011001.01111000.11111001,24.89.120.249
01010110.01001001.01001100.01011011,86.73.76.91
11101111.11001011.00000100.01001000,239.203.4.72
11001000.00011011.01011100.01011010,200.27.92.90
10011111.01100001.01000010.01001011,159.97.66.75
00011000.01001101.01101101.11000011,24.77.109.195
00110110.11011101.11000111.01011101,54.221.199.93
00001101.10001111.00110101.01000011,13.143.53.67
00111010.01001010.10010111.01000000,58.74.151.64
11000100.10110100.00100111.01100010,196.180.39.98
00000011.10111101.01001000.11110100,3.189.72.244
01111101.00100000.10110101.11111000,125.32.181.248
00110101.10100000.11110010.00001010,53.160.242.10
10110000.11100010.11010000.11101101,176.226.208.237
10011100.11100010.01001100.11101001,156.226.76.233
11000100.01100110.10010111.01011011,196.102.151.91
10011001.01010101.10100010.10001000,153.85.162.136
01100111.01000010.00011011.00011101,103.66.27.29
11010001.01011011.00111010.00000111,209.91.58.7
01010000.00111110.11001110.10111111,80.62.206.191
10001100.00101111.11101101.11100001,140.47.237.225
10100110.01001010.01101111.10100101,166.74.111.165
11101001.10111111.10100010.10110111,233.191.162.183
10110000.10101110.10010010.10011000,176.174.146.152
10001010.01011101.00111111.01110001,138.93.63.113
10101110.01111111.10010000.11011110,174.127.144.222
10001000.11100111.01000010.11110100,136.231.66.244
10101011.01011010.11100010.00011010,171.90.226.26
00100011.11010101.11011001.10010101,35.213.217.149
00011110.01111001.11000011.11000100,30.121.195.196
01101100.00100110.10111011.01101101,108.38.187.109
00011100.11111100.00111100.11011100,28.252.60.220
11000111.10111001.00000110.10011001,199.185.6.153
10111110.10111101.11001100.11100000,190.189.204.224
10111110.00110101.11111101.01001010,190.53.253.74
10100101.01110000.00000000.10111101,165.112.0.189
00100000.00000000.01000111.00101001,32.0.71.41
01101011.10100100.11011110.10010000,107.164.222.144
01100100.00001111.00001110.10100000,100.15.14.160
11100011.10111010.01101101.11100001,227.186.109.225
10101101.00111101.11000001.01110011,173.61.193.115
11110011.01000111.10011101.10010010,243.71.157.146
01100001.00111100.01011000.00101011,97.60.88.43
11011100.00001110.10110011.11000011,220.14.179.195
00000011.11111010.01011110.11110010,3.250.94.242
10001100.01000111.11000111.01101000,140.71.199.104
11011101.10011000.11011111.10010010,221.152.223.146
00110001.00101010.00100000.11100010,49.42.32.226
10100100.00100001.00000100.10100110,164.33.4.166
11110101.11011000.00110000.10101001,245.216.48.169
11010110.01110011.10100101.01100111,214.115.165.103
11001000.00101101.00011010.00001101,200.45.26.13
01111010.00101011.01011100.01110110,122.43.92.118
11110000.11001010.10010001.10110000,240.202.145.176
11101001.01110100.01100111.10011000,233.116.103.152
10101111.01000100.10111010.10110101,175.68.186.181
10100001.01101000.11100100.00011110,161.104.228.30
11011101.10011111.01100011.11111100,221.159.99.252
01101110.01011110.00110101.11101001,110.94.53.233
00111101.11001011.01101100.10100001,61.203.108.161
01011111.00010011.10100111.11111111,95.19.167.255
01111110.11000100.00011101.01111001,126.196.29.121
11001101.10111011.11000111.01110010,205.187.199.114
01011010.10010001.10000000.10110000,90.145.128.176
10000110.00011011.10101110.00111000,134.27.174.56
01101010.01110000.10011011.11100010,106.112.155.226
01011000.01010110.01111101.11110111,88.86.125.247
01101011.01101110.10111010.01110110,107.110.186.118
01011001.11001001.11011001.01011010,89.201.217.90
10011010.11100010.10111111.00011100,154.226.191.28
00101000.11101010.11111010.00001001,40.234.250.9
01011010.10001001.11010110.11111101,90.137.214.253
01110001.11000111.11111000.10110001,113.199.248.177
11001111.11110111.01011011.00111010,207.247.91.58
11010110.10101101.01001001.10100100,214.173.73.164
00110111.10110010.01001011.10011000,55.178.75.152
11110100.01001101.11100100.10111111,244.77.228.191
11111100.00010101.10110001.01100111,252.21.177.103
00101111.10011011.10010011.10100101,47.155.147.165
11010010.10010101.00000101.11011000,210.149.5.216
10110011.11011000.11110101.10111101,179.216.245.189
01011100.01111111.10010111.01100000,92.127.151.96
11000101.00111000.10100101.01010010,197.56.165.82
10100011.11111000.01011000.11001001,163.248.88.201
11101110.01100100.11010001.10111011,238.100.209.187
00110110.00011100.11110110.01100111,54.28.246.103
01010100.01010101.00111101.00110011,84.85.61.51
00111100.11000110.10100001.11001011,60.198.161.203
10001100.00100001.11110101.10001101,140.33.245.141
10100000.01110101.10000101.00111100,160.117.133.60
01101100.00111000.11110100.10111110,108.56.244.190
11011110.01001011.10000110.10111101,222.75.134.189
01011111.10000111.01100110.01110010,95.135.102.114
01111110.10000100.10110001.10101111,126.132.177.175
00110110.00110010.01000101.00101010,54.50.69.42
01110011.11101010.10101010.00111010,115.234.170.58
10100111.01001000.01010100.00010101,167.72.84.21
11111011.10001001.01000100.10111110,251.137.68.190
11100001.11011011.11011010.11011100,225.219.218.220
10000011.10010111.10001011.11000110,131.151.139.198
01001110.00010111.00010000.01010111,78.23.16.87
11011100.00000000.01101100.01000011,220.0.108.67
01101010.10111110.10000011.00010110,106.190.131.22
10110111.01100111.00111100.01010001,183.103.60.81
01101111.00100101.11111000.11011011,111.37.248.219
10010011.01001100.00111011.10101100,147.76.59.172
01010010.10000100.01000110.00101100,82.132.70.44
00101000.01000110.00110000.00000011,40.70.48.3
00101010.11001000.11101001.11100010,42.200.233.226
10000110.01011010.00000001.00100011,134.90.1.35
10010000.11010100.01010111.00000011,144.212.87.3
00010000.10101100.10100111.10111001,16.172.167.185
00110100.00010110.01101100.11000110,52.22.108.198
00000101.11100011.10100111.01110010,5.227.167.114
11100001.11100111.01111001.00000010,225.231.121.2
10110000.01101110.01110101.01010000,176.110.117.80
11010100.11001000.00110001.11001010,212.200.49.202
10100001.00111010.01111100.10010100,161.58.124.148
00110001.00001100.11001111.00001101,49.12.207.13
10101101.01110010.01100100.11101000,173.114.100.232
10000111.11000011.01101011.11011010,135.195.107.218
10011101.00100000.01011011.11100111,157.32.91.231
00110011.10010001.01001011.11100000,51.145.75.224
01000000.10011101.01010110.01110011,64.157.86.115
10111011.10010111.00111110.00100101,187.151.62.37
11111111.00100010.11110101.01111110,255.34.245.126
11010100.00001010.00000101.00001011,212.10.5.11
11110010.00000010.00011101.11110101,242.2.29.245
00000110.00011000.10110000.10010111,6.24.176.151
10011100.11110001.11111011.10011001,156.241.251.153
10011100.01000011.10011110.00101101,156.67.158.45
11001111.00010110.00111010.01100010,207.22.58.98
01111001.00101010.01010001.11001000,121.42.81.200
01000111.01010100.00101010.10011010,71.84.42.154
00000011.11111101.00100010.10111001,3.253.34.185
11111111.00101011.11010111.10101010,255.43.215.170
11001000.11011110.11101110.10101111,200.222.238.175
00001110.10100101.10011100.11110110,14.165.156.246
10000100.11110010.10000011.01101001,132.242.131.105
10110111.00110001.10000110.11110101,183.49.134.245
11010111.11110100.01100111.10101100,215.244.103.172
00011101.01111010.00011000.11001101,29.122.24.205
01111011.11000101.01011100.10100011,123.197.92.163
00110010.01011011.11100111.10000010,50.91.231.130
11011100.11010111.10101110.11000001,220.215.174.193
11011100.00010100.10111010.11001001,220.20.186.201
10111010.11001000.10001011.01110000,186.200.139.112
01000110.01110100.01100100.00001111,70.116.100.15
11010011.00110101.11001101.11110100,211.53.205.244
11110100.11000001.11011101.01100110,244.193.221.102
11110010.11001010.00011101.01010010,242.202.29.82
00001011.01100011.00110001.01000110,11.99.49.70
11001010.00111011.00111110.00110101,202.59.62.53
01101101.10010110.01000001.11011000,109.150.65.216
11011110.01001010.01010000.01101110,222.74.80.110
11011000.11111110.10100001.11100010,216.254.161.226
00001110.10000010.00001001.10101111,14.130.9.175
10100010.11000101.01101101.00111110,162.197.109.62
10010000.01100101.00101011.01101001,144.101.43.105
11000111.01111100.01110001.10101010,199.124.113.170
01110101.00101111.10101010.10011011,117.47.170.155
01101110.01101010.11001011.00000000,110.106.203.0
10011000.01111010.01001010.10001110,152.122.74.142
00100100.10000000.10110000.01101000,36.128.176.104
10010100.01001111.10110000.01101110,148.79.176.110
01100110.00111011.11101000.11011010,102.59.232.218
10000000.00011100.11001010.10000111,128.28.202.135
10010011.01100110.11100110.01101000,147.102.230.104
10011111.10110010.00101101.00110110,159.178.45.54
11010111.11001100.10110000.01111001,215.204.176.121
10000000.00111111.00111110.00001100,128.63.62.12
01011000.10100011.10110000.01010110,88.163.176.86
01110010.10100111.00011000.00111010,114.167.24.58
10100010.00100010.11010000.10101011,162.34.208.171
10010100.00001010.11111001.11100010,148.10.249.226
11100000.01010110.11110111.00000000,224.86.247.0
00111101.01010111.10111101.11110101,61.87.189.245
10001110.11000011.01100101.11101011,142.195.101.235
11000000.11110010.10111001.10111011,192.242.185.187
00000101.10101000.11110101.11111101,5.168.245.253
11100111.00000101.11110001.00100101,231.5.241.37
10011100.01011111.01110111.00111010,156.95.119.58
01011000.01011001.10000101.10100000,88.89.133.160
00101000.10111001.00000010.01110001,40.185.2.113
10101010.00000111.00011011.11000010,170.7.27.194
01010100.00110110.11100111.10110010,84.54.231.178
11111000.00000100.11101011.11011110,248.4.235.222
00101001.00110111.00101110.00101011,41.55.46.43
01100111.00110101.10001111.00101010,103.53.143.42
10101010.00001110.01101011.00011001,170.14.107.25
11100001.00010011.00111111.01101101,225.19.63.109
10100111.11100011.10011011.10100100,167.227.155.164
00000111.01100010.00000111.01101111,7.98.7.111
11011110.01000001.10110010.11100011,222.65.178.227
11010010.11110001.01000101.10011011,210.241.69.155
10010000.00100111.01110111.01010100,144.39.119.84
10101010.11100000.11000111.01111011,170.224.199.123
10100010.10010101.10101100.10110000,162.149.172.176
01010111.10010111.10111110.00100101,87.151.190.37
01011110.11000101.10011011.11101001,94.197.155.233
11001111.11011100.01101110.00110011,207.220.110.51
10110011.00000011.10111010.11100001,179.3.186.225
00011100.11101010.10000000.11111101,28.234.128.253
11111011.01100010.10011000.00101100,251.98.152.44
00100101.11111000.11100010.11001010,37.248.226.202
01010100.01100111.10000110.01000100,84.103.134.68
10000110.00000000.01011011.01100110,134.0.91.102
01111001.11101000.00111100.10010100,121.232.60.148
10111100.01100010.00110011.00000000,188.98.51.0
10100110.11100001.10011010.11111010,166.225.154.250
00010110.10100011.10010110.01011011,22.163.150.91
11101011.11111110.10011111.11110011,235.254.159.243
10101111.01111011.00100000.01100111,175.123.32.103
00010010.10111010.00100101.10110001,18.186.37.177
00000011.01011011.00010011.11110010,3.91.19.242
01010000.10100111.00110000.01010111,80.167.48.87
10111010.01111010.11110011.00011111,186.122.243.31
00000101.01110101.10100011.01001000,5.117.163.72
10010010.01111111.10110010.10110010,146.127.178.178
11000000.01001100.11101000.11011011,192.76.232.219
11001111.00011101.11101101.11001110,207.29.237.206
00001011.00101001.10001000.11010110,11.41.136.214
10011100.10111010.00111111.00000100,156.186.63.4
01011100.00110000.11010000.00010110,92.48.208.22
11001010.11011000.01111111.00100111,202.216.127.39
11011110.00010101.10000111.10111100,222.21.135.188
01011110.11011011.10110010.11010011,94.219.178.211
00001010.01110111.10110110.01110111,10.119.182.119
11000100.10111101.10110101.10010011,196.189.181.147
01010001.01110100.10111010.00000000,81.116.186.0
01111101.01010000.11111000.10000110,125.80.248.134
01100011.01000110.11110010.11100010,99.70.242.226
01010100.11001111.10000010.11000011,84.207.130.195
11001000.00101111.01101001.11000001,200.47.105.193
00110110.01101011.10111001.10110110,54.107.185.182
10000100.10011011.11000001.11011110,132.155.193.222
01001110.10110000.00100110.10010010,78.176.38.146
10100100.10001110.01100011.01100010,164.142.99.98
11001011.01101101.01101110.01110111,203.109.110.119
10111111.10000110.11100101.01111110,191.134.229.126
00111100.00111000.00001001.11010011,60.56.9.211
00010000.10011111.10011111.10110110,16.159.159.182
01000000.01000011.10000011.01011000,64.67.131.88
11110010.11000101.10000101.01111010,242.197.133.122
01010010.11110101.00101010.01100011,82.245.42.99
10110101.00000110.11111001.00011110,181.6.249.30
11010111.11011101.00111011.11001000,215.221.59.200
10100001.11010010.10011010.10110101,161.210.154.181
11001101.00100111.11101101.01100011,205.39.237.99
00100100.10000001.11100000.00111010,36.129.224.58
10000111.00100010.01111000.10110010,135.34.120.178
10001110.01111110.10100101.11010000,142.126.165.208
00011001.00100110.00000000.01001011,25.38.0.75
01100100.01110011.00110110.01100110,100.115.54.102
10110101.01010110.00101100.01010110,181.86.44.86
11001010.11101001.00001011.00110101,202.233.11.53
10100101.01101010.11000011.11010100,165.106.195.212
01110001.00110111.00010111.00101101,113.55.23.45
00100010.10011011.01100100.01011101,34.155.100.93
11100011.01011110.00101100.10110011,227.94.44.179
00100101.11111000.01001110.01001000,37.248.78.72
01111001.01110011.11111000.10001110,121.115.248.142
11001111.00011111.01110110.10011001,207.31.118.153
10110101.00100011.01011000.01010001,181.35.88.81
00001101.11100101.00111000.01111001,13.229.56.121
00110111.01011000.01000100.10100001,55.88.68.161
01101100.11011001.00001100.10010110,108.217.12.150
00101101.11100000.01111111.11101011,45.224.127.235
01111001.00111101.11001111.01010010,121.61.207.82
01110011.10001000.00110010.01000000,115.136.50.64
11101111.11010001.00001101.11000101,239.209.13.197
00111010.01111000.11010110.01010100,58.120.214.84
00101101.00100111.11110010.00001111,45.39.242.15
01011001.01111001.10100101.10101010,89.121.165.170
11110000.11101011.10010101.00100111,240.235.149.39
00110111.10110111.00011111.00001010,55.183.31.10
10110111.10100001.00010010.00100010,183.161.18.34
01011011.10000100.00111101.00001101,91.132.61.13
10010000.11110000.00000011.11010111,144.240.3.215
11000100.00011001.10000000.10101111,196.25.128.175
01001111.10110100.01101000.00100010,79.180.104.34
10100100.10011001.11000010.01001111,164.153.194.79
11000111.10000011.00101010.01101101,199.131.42.109
11111010.00101110.11000111.10011100,250.46.199.156
00100100.10100001.01111110.01100011,36.161.126.99
01110001.11001001.11101101.10010100,113.201.237.148
01001001.01001110.00000001.01111011,73.78.1.123
01011000.11101000.10111110.11010100,88.232.190.212
11001011.11100000.10011010.11001111,203.224.154.207
11000010.10011011.00101000.10100001,194.155.40.161
00110110.00101000.11000101.11011000,54.40.197.216
10000101.11101101.10011000.00110001,133.237.152.49
01110110.11101000.11110111.01010011,118.232.247.83
00110111.11000010.11111101.01101100,55.194.253.108
11100000.10011000.00001010.10010011,224.152.10.147
10010101.00100101.01000110.01100000,149.37.70.96
00010101.00010101.11110100.11010010,21.21.244.210
11000110.11000000.11011100.00000111,198.192.220.7
01001110.00000010.11000000.11010010,78.2.192.210
11100110.00110101.01111101.01011010,230.53.125.90
01011010.10111111.00111001.10110100,90.191.57.180
10110001.00001100.10011110.10111001,177.12.158.185
00011001.10001110.11111011.10101000,25.142.251.168
00000001.01101000.11000001.00010010,1.104.193.18
10000001.00000011.00101010.01111111,129.3.42.127
10100100.11110011.00100011.11110100,164.243.35.244
11001011.00000011.11000000.00001001,203.3.192.9
10011010.11100111.01000101.11001110,154.231.69.206
01111110.01001110.11011110.00110000,126.78.222.48
00100010.00100101.00111011.01111110,34.37.59.126
00001001.01111110.10100101.10100000,9.126.165.160
11100100.00010111.11010011.01110011,228.23.211.115
00100110.10101110.00111001.11110011,38.174.57.243
01111100.11000011.01011001.10100001,124.195.89.161
01010111.10110111.10111110.10101010,87.183.190.170
00110011.01011011.11100010.00101011,51.91.226.43
10101111.01011010.10110011.01110011,175.90.179.115
00101111.01000010.11110000.10011011,47.66.240.155
11101101.10010100.00110010.11001011,237.148.50.203
00100001.01100010.00110101.00100101,33.98.53.37
01111011.10000000.10100001.01100111,123.128.161.103
01011000.01010111.00111000.01001111,88.87.56.79
01100100.10101111.10100101.01111001,100.175.165.121
00100110.01011000.11001100.00000101,38.88.204.5
01111101.10001111.10011110.00011000,125.143.158.24
10111110.11101000.10111101.10101010,190.232.189.170
10011011.10101100.11100001.00110010,155.172.225.50
10101101.01100011.10000101.11110111,173.99.133.247
01110011.11100100.10011100.01100101,115.228.156.101
10111011.00110110.11110011.00111011,187.54.243.59
11111110.01011101.10101101.01001100,254.93.173.76
00011001.10101010.00011111.10001100,25.170.31.140
00000001.01111000.10011011.10111101,1.120.155.189
10000101.01011011.11100011.01000001,133.91.227.65
01001100.10100001.10111010.01101110,76.161.186.110
10011110.10100100.11011001.00101001,158.164.217.41
11010101.01110111.00111111.10000010,213.119.63.130
00110111.01000110.00001000.11111001,55.70.8.249
11100000.10000100.10100100.10010000,224.132.164.144
01101010.10010010.11001100.00100111,106.146.204.39
00001000.00111100.11011010.00101101,8.60.218.45
01001010.01010010.11100111.01111011,74.82.231.123
10001011.10101000.11011011.00011101,139.168.219.29
11001001.01111010.00000101.11000000,201.122.5.192
10001100.10010000.10000010.01010000,140.144.130.80
10110100.00001001.01110001.00101000,180.9.113.40
01011000.01000000.01101110.00100110,88.64.110.38
11010101.00000100.11100010.11010001,213.4.226.209
11110010.01111010.00101111.10100111,242.122.47.167
10000100.10110001.00001101.01101100,132.177.13.108
01111011.11100100.11110001.00001011,123.228.241.11
11111110.11101100.10101111.01010101,254.236.175.85
10101100.00101100.10110011.00001100,172.44.179.12
10000000.11011111.11100001.10100000,128.223.225.160
10111111.00110010.00001111.10000010,191.50.15.130
01001001.00110000.10010101.11100011,73.48.149.227
10010110.11100101.11111010.00101011,150.229.250.43
10001111.10010111.00011010.10110111,143.151.26.183
11011011.10001101.01110010.10101111,219.141.114.175
01001111.01111010.11110011.01101000,79.122.243.104
10111110.00100000.00000111.00001011,190.32.7.11
11111010.11011001.10010000.11001011,250.217.144.203
11000000.10001011.10111100.11101000,192.139.188.232
00011010.11011001.00110010.01011101,26.217.50.93
01111111.01001101.10100000.10110010,127.77.160.178
00100000.01100010.10010001.11001100,32.98.145.204
10000100.10110011.10100101.01101110,132.179.165.110
00000011.00001001.11100110.00101101,3.9.230.45
10100001.10011101.11011101.00110111,161.157.221.55
01000011.00111111.10110000.00111000,67.63.176.56
01011001.01000010.01100001.01100000,89.66.97.96
11101011.11111001.10011011.01101010,235.249.155.106
10100010.10011100.10110100.10110101,162.156.180.181
01100011.10111111.10111001.01000001,99.191.185.65
10010010.10001101.01100001.11010110,146.141.97.214
10111000.11101101.11101010.00110010,184.237.234.50
00101001.00000111.11011011.11100001,41.7.219.225
11100111.11100011.10110110.10010101,231.227.182.149
11101110.10110111.00010000.10000011,238.183.16.131
01010001.00111101.00011001.00101100,81.61.25.44
00011000.10010001.10111111.11100110,24.145.191.230
11101100.10100011.00000010.00000000,236.163.2.0
01101000.10011110.11101000.10011011,104.158.232.155
11000000.01110110.10100100.11001100,192.118.164.204
10110111.01100111.11111101.01111001,183.103.253.121
01100001.01101100.01000010.00100010,97.108.66.34
10000110.11101001.10011000.01000100,134.233.152.68
11110001.00111111.11010111.11000001,241.63.215.193
11101111.10010100.01111001.00010111,239.148.121.23
11111000.00101110.10000100.00100110,248.46.132.38
01111010.11000000.00001011.11100011,122.192.11.227
01000100.11000101.00011001.00111001,68.197.25.57
11111110.11110001.11011011.10101010,254.241.219.170
00010001.10011111.00111101.00000110,17.159.61.6
10001011.10110111.10001100.01111111,139.183.140.127
00110000.10110111.00100100.11110011,48.183.36.243
10000010.00100111.11000000.11100010,130.39.192.226
00101101.00000001.10011110.10100100,45.1.158.164
10101010.10100000.11001110.01000110,170.160.206.70
10011010.10111011.10001110.01111111,154.187.142.127
11101001.00111001.01001111.10110101,233.57.79.181
01111110.10111110.00101011.10110111,126.190.43.183
01101001.10011011.01100000.01001110,105.155.96.78
00001011.00101011.11001000.00111011,11.43.200.59
00011100.01101001.11111100.11010101,28.105.252.213
10110011.10111010.01111001.11001101,179.186.121.205
00100110.11010000.11000000.01100101,38.208.192.101
01101111.11000101.11110010.01100110,111.197.242.102
00000000.10111110.10111101.00010101,0.190.189.21
00011111.10101110.10100011.00110111,31.174.163.55
01101010.11101110.01100001.10001001,106.238.97.137
10100101.10111001.10110010.11011001,165.185.178.217
11011111.11001111.01011111.11000000,223.207.95.192
10000100.11001010.11111101.10010111,132.202.253.151
00001001.00100101.11100001.00110011,9.37.225.51
00110010.00111001.10111111.11111010,50.57.191.250
10000011.10001011.01101101.00110001,131.139.109.49
11110100.11110110.10010011.11111100,244.246.147.252
00001011.00000100.01100000.01111010,11.4.96.122
11011001.10111011.11100100.01001101,217.187.228.77
10100001.10010011.10111111.01100100,161.147.191.100
01010101.10000111.00000000.11010010,85.135.0.210
00101110.00100100.01011100.11000111,46.36.92.199
10100110.01110011.11001010.00010011,166.115.202.19
00010100.10000100.01111100.00010111,20.132.124.23
10101010.00110111.00100110.10010001,170.55.38.145
10101100.01101100.11110001.00110110,172.108.241.54
11110000.10001010.00100111.01100110,240.138.39.102
00010100.01010001.01101110.11001011,20.81.110.203
00100100.00110100.00001111.11000101,36.52.15.197
11100000.00001101.10001100.11110011,224.13.140.243
01110010.01001010.10111001.11100010,114.74.185.226
10100111.11101001.10001100.10111100,167.233.140.188
11010000.11001000.00011010.11001100,208.200.26.204
11101001.00110001.10111100.01000001,233.49.188.65
00001011.10001001.01100111.01011100,11.137.103.92
00101100.10000111.01000111.11110111,44.135.71.247
01111100.10001001.00111111.01010110,124.137.63.86
10010001.01011000.00001010.10010110,145.88.10.150
11111001.01100111.11001001.00001010,249.103.201.10
11110001.01100101.10000100.11101000,241.101.132.232
00100111.11100111.11000000.10010111,39.231.192.151
10101110.11111011.01101111.10111110,174.251.111.190
00111011.01110100.00101010.00101101,59.116.42.45
00100001.01101001.11011101.00110010,33.105.221.50
01101110.01111010.01011011.01010110,110.122.91.86
10011111.00100110.01011011.10010000,159.38.91.144
10011011.01001100.11100111.10111100,155.76.231.188
00011000.00010100.01100000.10110100,24.20.96.180
11100110.10101100.10011011.11000000,230.172.155.192
00010010.00001100.10110010.00000001,18.12.178.1
11001100.11001110.00101010.01011001,204.206.42.89
01010101.01001000.01000011.10111010,85.72.67.186
10001010.00101001.00110100.01011001,138.41.52.89
11101000.01111000.11000110.00110100,232.120.198.52
00010100.10001110.01100111.11100010,20.142.103.226
10011001.00010101.01111101.10001010,153.21.125.138
11101010.11101100.01011010.10100001,234.236.90.161
01011011.01100010.11001101.01011110,91.98.205.94
11011010.00111011.11100110.10011100,218.59.230.156
01010001.01110000.01110101.11110001,81.112.117.241
01100111.00010100.01011110.01110100,103.20.94.116
11001111.10001110.10101000.10011100,207.142.168.156
10010101.01110111.00001101.10010011,149.119.13.147
01100101.10010011.10111000.11011000,101.147.184.216
11000000.10100010.01110101.11100110,192.162.117.230
11001100.01100010.10110111.01001111,204.98.183.79
10110011.00011001.10011000.00100010,179.25.152.34
10000011.11101101.00111010.00111001,131.237.58.57
01101110.01001000.10101100.01100001,110.72.172.97
01101111.00001110.10001111.10011101,111.14.143.157
01101011.00001010.11000111.01001101,107.10.199.77
00010111.10011100.10101010.10101111,23.156.170.175
01011001.11100000.10111110.10000101,89.224.190.133
01110001.01011111.10000100.00111111,113.95.132.63
01011000.11111111.10110101.10111101,88.255.181.189
11011111.11100010.11000010.10111011,223.226.194.187
10101110.01010101.00010011.11000001,174.85.19.193
11110001.10011011.11000110.00100110,241.155.198.38
01010110.11100101.00011010.00100110,86.229.26.38
01010111.10010110.01110001.01001000,87.150.113.72
10010101.01001010.10011100.01011111,149.74.156.95
10010001.10111000.10110110.00100001,145.184.182.33
10101000.01010101.11011010.10100001,168.85.218.161
10001110.00010001.11110000.11010111,142.17.240.215
11101011.10010111.00110110.01011011,235.151.54.91
00010011.11010011.01010011.11111001,19.211.83.249
11001111.10010110.00111100.01110001,207.150.60.113
00111110.01110101.10101101.00101000,62.117.173.40
11001000.11010100.10000010.01001100,200.212.130.76
01100011.00010101.10010100.11111111,99.21.148.255
00110111.11111010.10000100.00011101,55.250.132.29
01110000.01001000.00101001.11011011,112.72.41.219
00010000.10010100.10000100.10010000,16.148.132.144
01000111.10100010.00001011.01110011,71.162.11.115
01000101.01111111.11111101.11011111,69.127.253.223
00011110.01001101.10110100.11101011,30.77.180.235
00101101.11011100.00110000.11101000,45.220.48.232
01111111.01110111.10001010.01101100,127.119.138.108
00110000.00000101.01010100.10110110,48.5.84.182
00100100.00000001.10100011.11100000,36.1.163.224
00110001.01011010.01001100.01111101,49.90.76.125
10011100.01001001.11000000.10010001,156.73.192.145
01100111.01000100.01100100.00011111,103.68.100.31
00110111.11010011.01111011.00100001,55.211.123.33
11111101.01001101.01110111.11100110,253.77.119.230
01000011.00110011.10011011.11011110,67.51.155.222
00010111.00001100.00001100.00010111,23.12.12.23
01111100.10111111.00001111.10000100,124.191.15.132
00000011.00111100.11111101.11100001,3.60.253.225
00111010.01111101.11001111.00011001,58.125.207.25
01011011.11001101.00101101.11110001,91.205.45.241
00011001.01011111.10000001.10001000,25.95.129.136
01111001.10010011.11110010.10111100,121.147.242.188
10100011.11100100.00001100.11011010,163.228.12.218
11110001.11001010.11100111.11111100,241.202.231.252
10011010.00100100.10111100.01000011,154.36.188.67
11010010.01100011.01010101.11110001,210.99.85.241
10001001.10000111.11100000.10111010,137.135.224.186
11111101.11011011.00000011.00001100,253.219.3.12
00100000.01100011.10111111.11000011,32.99.191.195
01001100.00001000.01111100.01010010,76.8.124.82
01100011.00111101.01110100.10010011,99.61.116.147
01011100.00001001.11111011.01111101,92.9.251.125
00111001.00011011.01111110.01111000,57.27.126.120
01010011.01011000.10100001.10000011,83.88.161.131
00000101.00101110.00111101.10011110,5.46.61.158
01111011.11010110.10010111.01000110,123.214.151.70
10000100.11101110.10100100.11001010,132.238.164.202
11100010.00111011.01110000.11011000,226.59.112.216
00001111.01011010.00100100.01000010,15.90.36.66
11110110.01101011.00111101.00110101,246.107.61.53
11100010.11110011.00101101.10111100,226.243.45.188
11111110.00010101.11011111.00100100,254.21.223.36
01011010.11010100.00010000.01011011,90.212.16.91
11010011.10110111.01011000.00101000,211.183.88.40
11010111.11001100.00101000.10110110,215.204.40.182
10110011.01101100.10101000.10101010,179.108.168.170
11111111.10111001.11011010.00101101,255.185.218.45
00000011.01011111.11011001.01010010,3.95.217.82
11100011.11100011.00111001.11001000,227.227.57.200
01001010.10110110.00100101.11101011,74.182.37.235
10111011.11100101.10011000.00001110,187.229.152.14
10011001.10001110.10010011.10001000,153.142.147.136
11011101.10101111.00101011.11100110,221.175.43.230
01100011.11100101.00000101.00110000,99.229.5.48
11010111.10110000.01110100.10000010,215.176.116.130
00000011.10001010.01101101.11010010,3.138.109.210
00001100.10100010.11101000.10000110,12.162.232.134
00110011.01110001.10000011.10010010,51.113.131.146
00001100.00111101.10110010.01001111,12.61.178.79
10111101.00001110.10010001.01011111,189.14.145.95
01011101.01100010.00001110.11000000,93.98.14.192
00010101.00101010.10101001.00111000,21.42.169.56
00010111.00010010.10100100.10001010,23.18.164.138
11110110.11100100.00101101.01101001,246.228.45.105
10001011.11110000.11100100.01011111,139.240.228.95
10011011.11110111.01101000.01001011,155.247.104.75
11001010.11101011.00101011.10001010,202.235.43.138
11110010.11101011.11101100.00110100,242.235.236.52
01000101.11010010.11101011.10111101,69.210.235.189
11101000.10111101.10111000.10001011,232.189.184.139
01110111.10111011.01100111.01101101,119.187.103.109
01101011.11110011.00000010.10110100,107.243.2.180
01011110.10011011.00011010.01111011,94.155.26.123
00010001.00000101.00101110.11010110,17.5.46.214
10110011.10110110.01111011.10011001,179.182.123.153
10010001.11011110.11000000.01001010,145.222.192.74
01010110.10001101.00000111.01110110,86.141.7.118
11011100.10010001.00001111.11110000,220.145.15.240
11101101.10011110.00100000.11001010,237.158.32.202
11011111.01010111.00011011.11101001,223.87.27.233
01001100.11110101.11111010.10101101,76.245.250.173
00011101.01100001.10100110.00111101,29.97.166.61
10111011.01011101.11011000.01111111,187.93.216.127
00001010.10000000.01100101.01111010,10.128.101.122
10000110.11010001.10111000.00111011,134.209.184.59
00000011.01111010.00001001.11001011,3.122.9.203
01111100.01010011.00010100.01101101,124.83.20.109
01010011.11011100.01111001.11011110,83.220.121.222
10100010.00100111.00000000.00111010,162.39.0.58
01110011.10001110.01111101.00100000,115.142.125.32
01000010.00011111.11011010.01100101,66.31.218.101
01110111.10110110.11010111.00011100,119.182.215.28
00000000.00100010.01111011.00010010,0.34.123.18
00100110.11111111.01001100.10001100,38.255.76.140
00111110.11010100.11111101.00001111,62.212.253.15
10110110.00101000.11110010.00101111,182.40.242.47
00110111.10100010.00000011.10100100,55.162.3.164
00111000.10110000.01000011.01101011,56.176.67.107
10010100.10011010.01101010.11010111,148.154.106.215
10101000.10101100.10100101.11110001,168.172.165.241
01111110.00111100.01001111.11010000,126.60.79.208
00101001.01101100.10111101.00010000,41.108.189.16
01011101.01101011.00010101.01111011,93.107.21.123
10001011.00111111.01000001.01011000,139.63.65.88
10110111.11010100.00111110.11000011,183.212.62.195
11100100.11000100.10100110.10010101,228.196.166.149
00100110.11101110.10000001.10110110,38.238.129.182
00000101.01001100.11011110.00100010,5.76.222.34
00110110.00111100.10000011.11000100,54.60.131.196
10101010.11111101.01101111.00100101,170.253.111.37
00011001.00001011.01011011.00001111,25.11.91.15
10010110.01001111.00101010.11011001,150.79.42.217
00100011.10011100.11010001.11100001,35.156.209.225
11111111.10100001.00010101.11100101,255.161.21.229
10011010.01010101.00001100.00010011,154.85.12.19
00110000.10010001.11010110.01011010,48.145.214.90
01011100.10111010.10101111.10010110,92.186.175.150
01010000.10101010.11011011.10110101,80.170.219.181
00111110.11111010.01001000.10101100,62.250.72.172
00000011.10110011.11111001.01101101,3.179.249.109
10010100.11010111.01110110.11101000,148.215.118.232
01010110.00110000.10010011.11101111,86.48.147.239
01000000.00111110.11000111.00011000,64.62.199.24
01001001.11010000.00111110.11101011,73.208.62.235
00100100.00000000.00101000.10100111,36.0.40.167
01100000.00011101.10011000.10110010,96.29.152.178
11000000.11011011.11010111.00110001,192.219.215.49
00111000.00010100.01100011.11001101,56.20.99.205
10010010.01000100.11011110.10010101,146.68.222.149
01001000.00100001.01111101.10101001,72.33.125.169
01011010.00011111.00001101.01100001,90.31.13.97
00000101.01010001.10000011.11001001,5.81.131.201
01110101.10100110.10101110.00111110,117.166.174.62
10110100.10001110.01011100.00001111,180.142.92.15
11110110.11001100.11000001.11111100,246.204.193.252
00100000.10011110.11001100.10100101,32.158.204.165
00100111.01000010.11110010.00011100,39.66.242.28
10010110.00001011.11001100.10011101,150.11.204.157
10111111.10110011.10001101.11010111,191.179.141.215
00100110.11110111.10000101.10001101,38.247.133.141
01111111.00000010.10011101.10100000,127.2.157.160
01000001.10011000.01100101.01000110,65.152.101.70
11000000.00011110.10000011.00000100,192.30.131.4
11101110.10101010.11000000.10001101,238.170.192.141
10111110.11001111.11010110.11010100,190.207.214.212
11100111.10101101.11010001.01110011,231.173.209.115
00110011.11000101.01011110.11100000,51.197.94.224
01110110.01000101.01101110.01001100,118.69.110.76
11111101.00111100.00101110.11111011,253.60.46.251
11000001.00000000.10001111.01110100,193.0.143.116
11110011.01001011.11011010.10001100,243.75.218.140
10100011.01010000.10000010.01001000,163.80.130.72
00001010.10001100.10000110.00111011,10.140.134.59
01110110.10100100.10010010.10111011,118.164.146.187
11110011.01111000.00011000.01100000,243.120.24.96
11000111.10001100.10100000.00111000,199.140.160.56
01000111.11110101.11111001.00100101,71.245.249.37
11000010.11001000.11110011.01111010,194.200.243.122
01001011.01100110.10110101.01110001,75.102.181.113
10111110.10101000.01001001.00010110,190.168.73.22
10011111.10001100.01011101.01010000,159.140.93.80
00011000.00000100.10001110.10100101,24.4.142.165
10101111.01110010.01110000.00100110,175.114.112.38
10100010.10100010.11000000.11011010,162.162.192.218
10010100.01000010.00110010.10111010,148.66.50.186
00010011.00001000.10011101.10011010,19.8.157.154
00000101.11100001.11001011.10010111,5.225.203.151
10111011.01110000.11010000.01111010,187.112.208.122
11001100.01110110.01110000.10000010,204.118.112.130
11100000.10011101.11000110.00101011,224.157.198.43
01101110.10101010.00000111.11110101,110.170.7.245
10110010.10110001.01111111.01110110,178.177.127.118
10010010.00011100.10111011.00100001,146.28.187.33
11110010.10101101.01100110.10111001,242.173.102.185
01000001.00110011.01110011.11101011,65.51.115.235
01111010.10011100.00100001.11000101,122.156.33.197
10111100.11101101.11101000.01110111,188.237.232.119
10110010.00001011.10010011.01011001,178.11.147.89
00101000.01110100.10101101.01100010,40.116.173.98
01111010.00000001.11000010.01100110,122.1.194.102
00110001.00001001.10000101.01101101,49.9.133.109
00101000.11101000.00010010.00000101,40.232.18.5
01000000.10000110.10011111.01010000,64.134.159.80
11000011.10110101.00101100.10100000,195.181.44.160
10011010.01101001.01100110.01100000,154.105.102.96
11110001.11011000.11010000.11001101,241.216.208.205
01110110.00100001.01001010.11100010,118.33.74.226
00001111.11001001.01001101.11110100,15.201.77.244
10110101.01000100.00110010.01110000,181.68.50.112
11010010.00111101.01100010.10100011,210.61.98.163
00010111.10101011.01010011.01110100,23.171.83.116
00000101.00101000.10000100.11111001,5.40.132.249
10100101.11000101.11101101.11011010,165.197.237.218
11110111.10011011.10110110.01111001,247.155.182.121
01100000.00110000.11011111.01000111,96.48.223.71
11101111.11101101.10001001.11010101,239.237.137.213
00101001.10011000.10001010.00110110,41.152.138.54
01100000.10001011.01010110.11110110,96.139.86.246
10101111.10100000.00000001.01110000,175.160.1.112
01001110.00101111.11000111.00111010,78.47.199.58
01001101.00011111.10111110.00000110,77.31.190.6
10000011.01110011.00010100.10011101,131.115.20.157
10011000.01011111.01100110.11010010,152.95.102.210
00010010.11110111.10110010.01111010,18.247.178.122
11010010.00111000.11000001.00100110,210.56.193.38
10011111.10000110.01110001.10101010,159.134.113.170
10101100.00001010.01001011.00110000,172.10.75.48
10110010.00101000.11101111.11100010,178.40.239.226
01011011.10100100.11110111.10010101,91.164.247.149
01000101.00111111.01011000.00000110,69.63.88.6
00111011.10100100.10101000.01011111,59.164.168.95
10100011.11010011.11010101.01111101,163.211.213.125
00011111.10101000.11110001.01001101,31.168.241.77
00010000.11001010.01001101.00000011,16.202.77.3
11100010.10110110.11001111.00001101,226.182.207.13
01111111.11100000.11101001.01111100,127.224.233.124
00101011.00100111.00000110.01100011,43.39.6.99
01010100.10101011.10011111.01110100,84.171.159.116
10001111.10111011.10111110.11011010,143.187.190.218
01011010.10000111.01110011.00001011,90.135.115.11
11011010.00001100.00100101.00001001,218.12.37.9
01101000.10010110.01110000.01110000,104.150.112.112
10110111.00101110.11111110.00001000,183.46.254.8
00011100.00000110.10100010.01000101,28.6.162.69
10101100.01001111.01110101.10111101,172.79.117.189
01000001.01001101.01000101.10001111,65.77.69.143
10000001.10010001.00000101.01100011,129.145.5.99
10001010.01011100.10101000.10010101,138.92.168.149
00000001.01101100.00110110.01000010,1.108.54.66
11011001.11101010.11011110.00010001,217.234.222.17
11011000.01101011.10110111.00001010,216.107.183.10
01001100.10011010.11010000.10011011,76.154.208.155
10011011.10000010.10101110.11111111,155.130.174.255
10011001.00101010.00100010.01000110,153.42.34.70
10100100.01101100.10111000.00011001,164.108.184.25
11010000.01110010.01010101.01000111,208.114.85.71
00110000.10011010.01110101.10100011,48.154.117.163
10010110.10101001.01110100.01100100,150.169.116.100
00000101.00001000.10110010.11000011,5.8.178.195
00101110.11011110.01101101.00110010,46.222.109.50
00011110.10000010.01011001.11011101,30.130.89.221
00000010.11111110.00110110.10101100,2.254.54.172
00001101.01000111.00000101.11000111,13.71.5.199
00011100.11001111.01101001.01111100,28.207.105.124
11110111.01000101.11110110.11101101,247.69.246.237
00010110.11110100.01101001.00101011,22.244.105.43
11000110.01001110.11011100.10100001,198.78.220.161
11011010.00011111.10000010.10110000,218.31.130.176
01101010.11000111.00010000.10101101,106.199.16.173
00001100.01011011.11101011.11000010,12.91.235.194
11000101.10010101.10010110.10001000,197.149.150.136
10011110.00101101.00100110.11010001,158.45.38.209
11110001.11010001.00101101.10111101,241.209.45.189
11000011.01000010.11010011.11001011,195.66.211.203
11000101.01101011.00000111.11001100,197.107.7.204
00100011.11001000.00111010.11101101,35.200.58.237
10100101.10010011.01100000.00011001,165.147.96.25
11111011.00100010.11001110.11111000,251.34.206.248
10010111.00001110.01010001.11111101,151.14.81.253
01110000.11101001.01100101.10011000,112.233.101.152
01110101.01010001.11111110.10111111,117.81.254.191
01110001.10010001.11000010.11000101,113.145.194.197
00000011.10100101.01000001.11001101,3.165.65.205
01010011.00000110.11101001.11011010,83.6.233.218
00011111.01110011.11010111.00110000,31.115.215.48
00110011.10101000.10000101.00111001,51.168.133.57
11001101.01110100.01001101.10100001,205.116.77.161
00011111.10111100.10110110.00111011,31.188.182.59
10101010.01111101.00001010.11011100,170.125.10.220
01111010.01100011.10000010.01100010,122.99.130.98
